{
  "Version": "1.0",
  "OrgId": 430701,
  "ClientId": "e4b874f5-f2bc-4a5d-b88c-88dc338583fe",
  "ClientName": "Loewen Hill Farms",
  "FarmId": "3fe1ba59-627a-4dde-b1f6-74bf1486b00e",
  "FarmName": "Loewen Hill Farms",
  "FieldId": "0d748398-1d99-47de-b8be-65fd840192a5",
  "FieldName": "Millview",
  "Operation": "Seeding",
  "CropSeason": 2019,
  "CropToken": "WHEAT_HRD_RD_SPR",
  "FileCreatedTimeStamp": "2019-09-08T22:29:15.0314586Z",
  "DataAttributes": [
    {
      "Name": "Time",
      "Description": "Timestamp"
    },
    {
      "Name": "Crop",
      "Description": "CropId"
    },
    {
      "Name": "AppliedRate",
      "Unit": "lb1ac-1",
      "Description": "Applied Rate"
    },
    {
      "Name": "SWATHWIDTH",
      "Unit": "ft",
      "Description": "Width Of Element"
    },
    {
      "Name": "DISTANCE",
      "Unit": "ft",
      "Description": "Distance Travelled From Previous Point"
    },
    {
      "Name": "Heading",
      "Description": "Machine Heading"
    },
    {
      "Name": "SECTIONID",
      "Description": "Element Id"
    },
    {
      "Name": "TargetRate",
      "Unit": "lb1ac-1",
      "Description": "Target Rate"
    },
    {
      "Name": "ControlRate",
      "Unit": "lb1ac-1",
      "Description": "Control Rate"
    },
    {
      "Name": "Variety",
      "Description": "Variety Name"
    },
    {
      "Name": "Elevation",
      "Unit": "ft",
      "Description": "Elevation"
    },
    {
      "Name": "IsoTime",
      "Description": "Precise Timestamp"
    },
    {
      "Name": "Machine",
      "Description": "Index into the MachineUsage map, or 0 if no information exists"
    }
  ],
  "MachineUsage": {
    "1": {
      "MachineId": "ead479a2-f6a3-4d78-8b07-0fda2e06059b",
      "MachineSerial": "914183^R",
      "OperatorId": "638414fe-e9f3-415b-abaa-1e671797931c"
    },
    "2": {
      "MachineId": "b01d559d-3721-46ae-a4c2-3d90682e4b45",
      "MachineSerial": " ",
      "OperatorId": "4a03e116-0000-1000-7f9c-e1e1e116d790"
    }
  }
}