{
  "Version": "1.0",
  "OrgId": 430701,
  "ClientId": "e4b874f5-f2bc-4a5d-b88c-88dc338583fe",
  "ClientName": "Loewen Hill Farms",
  "FarmId": "3fe1ba59-627a-4dde-b1f6-74bf1486b00e",
  "FarmName": "Loewen Hill Farms",
  "FieldId": "0d748398-1d99-47de-b8be-65fd840192a5",
  "FieldName": "Millview",
  "Operation": "Harvest",
  "CropSeason": 2017,
  "CropToken": "OATS",
  "FileCreatedTimeStamp": "2019-09-08T22:29:36.6777172Z",
  "DataAttributes": [
    {
      "Name": "DISTANCE",
      "Unit": "ft",
      "Description": "Distance Travelled From Previous Point"
    },
    {
      "Name": "SWATHWIDTH",
      "Unit": "ft",
      "Description": "Width Of Element"
    },
    {
      "Name": "VRYIELDVOL",
      "Unit": "bu1ac-1",
      "Description": "Yield as Volume"
    },
    {
      "Name": "SECTIONID",
      "Description": "Element Id"
    },
    {
      "Name": "Crop",
      "Description": "CropId"
    },
    {
      "Name": "Moisture",
      "Unit": "prcnt",
      "Description": "Moisture"
    },
    {
      "Name": "WetMass",
      "Unit": "lb1ac-1",
      "Description": "Wet Mass"
    },
    {
      "Name": "Time",
      "Description": "Timestamp"
    },
    {
      "Name": "Heading",
      "Description": "Machine Heading"
    },
    {
      "Name": "VARIETY",
      "Description": "Variety Name"
    },
    {
      "Name": "Elevation",
      "Unit": "ft",
      "Description": "Elevation"
    },
    {
      "Name": "IsoTime",
      "Description": "Precise Timestamp"
    },
    {
      "Name": "Machine",
      "Description": "Index into the MachineUsage map, or 0 if no information exists"
    }
  ],
  "MachineUsage": {
    "1": {
      "MachineId": null
    }
  }
}